field,old_section,new_section,old_page,old_x,old_y,old_w,old_h,new_page,new_x,new_y,new_w,new_h,classification
pm_initials_p09_01,The Board of Directors (“BOD”),Participation & Communication,9,0.852941,0.444848,0.147059,0.065657,9,0.824837,0.554886,0.075572,0.018172,policy association changed
pm_initials_p10_01,Hours of Operation,Hours of Operation,10,0.852941,0.310758,0.147059,0.065657,10,0.848856,0.372576,0.075572,0.018336,moved because of document reflow
pm_initials_p11_01,Refund of Fees,"Registration, Fees & Deposits",11,0.848431,0.908636,0.147059,0.065657,12,0.828023,0.244747,0.075572,0.018247,policy association changed
pm_initials_p11_02,"Registration, Fees & Deposits",Refund of Fees,11,0.852941,0.218182,0.147059,0.065657,11,0.83366,0.327121,0.075572,0.018336,policy association changed
pm_initials_p13_01,Admissions & Withdrawal (enrollment package review),Admissions & Withdrawal (enrollment package review),13,0.852941,0.068333,0.147059,0.065657,13,0.869526,0.777412,0.075572,0.01826,moved because of document reflow
pm_initials_p13_02,Admissions & Withdrawal (withdrawal and discharge),Meal Allergies and Anaphylaxis,13,0.852941,0.934343,0.147059,0.065657,14,0.84232,0.789053,0.075572,0.018285,policy association changed
pm_initials_p15_01,Requirements regarding communications with parents,Requirements regarding communications with parents,15,0.852941,0.261061,0.147059,0.065657,16,0.848039,0.063068,0.075572,0.018235,moved because of document reflow
pm_initials_p15_02,Wait List Policy,Wait List Policy,15,0.841765,0.636061,0.147059,0.065657,16,0.852533,0.572614,0.074346,0.018323,moved because of document reflow
pm_initials_p20_01,Departure & Late Fees,Departure & Late Fees,20,0.852941,0.691061,0.147059,0.065657,21,0.836111,0.60601,0.075572,0.01826,moved because of document reflow
pm_initials_p21_01,Health Policy,Health Policy,21,0.852941,0.631212,0.147059,0.065657,22,0.840768,0.624242,0.075572,0.01821,moved because of document reflow
pm_initials_p22_01,Accidents,Accidents,22,0.852941,0.578485,0.147059,0.065657,23,0.828758,0.636389,0.075572,0.018184,moved because of document reflow
pm_initials_p23_01,Behaviour Guidance,Behaviour Guidance,23,0.852941,0.774242,0.147059,0.065657,25,0.843954,0.200619,0.075572,0.018285,moved because of document reflow
pm_initials_p24_01,Legal Requirements Regarding Suspected Child Abuse (CFSA s.72),Legal Requirements Regarding Suspected Child Abuse (CFSA s.72),24,0.852941,0.033939,0.147059,0.065657,25,0.841503,0.485505,0.082925,0.018285,moved because of document reflow
pm_initials_p26_01,Complaint and Conflict Resolution,Complaint and Conflict Resolution,26,0.840196,0.78,0.147059,0.065657,28,0.85098,0.344545,0.075572,0.018336,moved because of document reflow
pm_initials_p28_01,Bussing,Bussing,28,0.852941,0.266515,0.147059,0.065657,29,0.834804,0.746667,0.075572,0.018247,moved because of document reflow
pm_ack_printed_name,Printed Name (Acknowledgement line),Printed Name (Acknowledgement line),32,0.083784,0.18798,0.245039,0.027778,33,0.08083,0.188449,0.25181,0.022727,moved because of document reflow
pm_parent_signature,Signature of Parent/Legal Guardian,Signature of Parent/Legal Guardian,32,0.062549,0.327121,0.359477,0.027778,33,0.069281,0.292995,0.281127,0.022727,moved because of document reflow
pm_parent_printed_name,Printed Name (Signature block),Printed Name (Signature block),32,0.405294,0.327121,0.245098,0.027778,33,0.385049,0.292995,0.24183,0.022727,moved because of document reflow
pm_parent_date,Date,Date,32,0.665882,0.327121,0.179739,0.027778,33,0.651356,0.292995,0.24183,0.022727,moved because of document reflow
pm_exec_signature,Signature of Executive Director (office use only),Signature of Executive Director (office use only),32,0.062549,0.44909,0.408497,0.027778,33,0.069281,0.380154,0.281078,0.022727,moved because of document reflow
pm_exec_date,Date signed by Executive Director (office use only),Date signed by Executive Director (office use only),32,0.474314,0.44909,0.212418,0.027778,33,0.385049,0.380154,0.241863,0.022727,moved because of document reflow
pm_initials_safe_arrival,not configured previously,Safe Arrival & Dismissal Policy & Procedure,,,,,,17,0.849673,0.036616,0.074346,0.018283,genuinely added app field; printed box relocated
