field,configured_section,printed_policy_target,old_page,old_x,old_y,old_w,old_h,supplied_clean_page,candidate_box_x,candidate_box_y,candidate_box_w,candidate_box_h,classification,status
pm_initials_p09_01,The Board of Directors (“BOD”),The Board of Directors (“BOD”),9,0.852941,0.444848,0.147059,0.065657,9,0.86732,0.477181,0.082108,0.047033,unchanged page; position review pending,Candidate printed-box geometry only; not an approved overlay; final PDF may change
pm_initials_p10_01,Hours of Operation,Hours of Operation,10,0.852941,0.310758,0.147059,0.065657,10,0.880229,0.343157,0.082108,0.047033,unchanged page; position review pending,Candidate printed-box geometry only; not an approved overlay; final PDF may change
pm_initials_p11_01,Refund of Fees,"Registration, Fees & Deposits (existing printed target; config label reversed)",11,0.848431,0.908636,0.147059,0.065657,12,0.855801,0.152706,0.082108,0.044634,reflow candidate,Candidate printed-box geometry only; not an approved overlay; final PDF may change; resolve swapped section descriptions using printed-policy identity
pm_initials_p11_02,"Registration, Fees & Deposits",Refund of Fees (existing printed target; config label reversed),11,0.852941,0.218182,0.147059,0.065657,11,0.872467,0.250614,0.082108,0.046212,unchanged page; position review pending,Candidate printed-box geometry only; not an approved overlay; final PDF may change; resolve swapped section descriptions using printed-policy identity
pm_initials_p13_01,Admissions & Withdrawal (enrollment package review),Admissions & Withdrawal (enrollment package review),13,0.852941,0.068333,0.147059,0.065657,13,0.866258,0.700845,0.082108,0.044634,unchanged page; position review pending,Candidate printed-box geometry only; not an approved overlay; final PDF may change
pm_initials_p13_02,Admissions & Withdrawal (withdrawal and discharge),Admissions & Withdrawal (withdrawal and discharge),13,0.852941,0.934343,0.147059,0.065657,14,0.865196,0.632824,0.082108,0.048611,reflow candidate,Candidate printed-box geometry only; not an approved overlay; final PDF may change
pm_initials_p15_01,Requirements regarding communications with parents,Requirements regarding communications with parents,15,0.852941,0.261061,0.147059,0.065657,15,0.861111,0.9381,0.082108,0.043813,unchanged page; position review pending,Candidate printed-box geometry only; not an approved overlay; final PDF may change
pm_initials_p15_02,Wait List Policy,Wait List Policy,15,0.841765,0.636061,0.147059,0.065657,16,0.849265,0.368975,0.10049,0.046402,reflow candidate,Candidate printed-box geometry only; not an approved overlay; final PDF may change
pm_initials_p20_01,Departure & Late Fees,Departure & Late Fees,20,0.852941,0.691061,0.147059,0.065657,21,0.872467,0.399034,0.082108,0.043056,reflow candidate,Candidate printed-box geometry only; not an approved overlay; final PDF may change
pm_initials_p21_01,Health Policy,Health Policy,21,0.852941,0.631212,0.147059,0.065657,22,0.867157,0.40187,0.082108,0.046212,reflow candidate,Candidate printed-box geometry only; not an approved overlay; final PDF may change
pm_initials_p22_01,Accidents,Accidents,22,0.852941,0.578485,0.147059,0.065657,23,0.878676,0.488926,0.082108,0.043813,reflow candidate,Candidate printed-box geometry only; not an approved overlay; final PDF may change
pm_initials_p23_01,Behaviour Guidance,Behaviour Guidance,23,0.852941,0.774242,0.147059,0.065657,25,,,,,reflow candidate,Deferred: affected by pending content and/or layout corrections
pm_initials_p24_01,Legal Requirements Regarding Suspected Child Abuse (CFSA s.72),Legal Requirements Regarding Suspected Child Abuse (CFSA s.72),24,0.852941,0.033939,0.147059,0.065657,25,,,,,reflow candidate,Deferred: affected by pending content and/or layout corrections
pm_initials_p26_01,Complaint and Conflict Resolution,Complaint and Conflict Resolution,26,0.840196,0.78,0.147059,0.065657,28,,,,,reflow candidate,Deferred: affected by pending content and/or layout corrections
pm_initials_p28_01,Bussing,Bussing,28,0.852941,0.266515,0.147059,0.065657,29,,,,,reflow candidate,Deferred: affected by pending content and/or layout corrections
pm_ack_printed_name,Printed Name (Acknowledgement line),Printed Name (Acknowledgement line),32,0.083784,0.18798,0.245039,0.027778,32,,,,,unchanged page; position review pending,Deferred: affected by pending content and/or layout corrections
pm_parent_signature,Signature of Parent/Legal Guardian,Signature of Parent/Legal Guardian,32,0.062549,0.327121,0.359477,0.027778,32,,,,,unchanged page; position review pending,Deferred: affected by pending content and/or layout corrections
pm_parent_printed_name,Printed Name (Signature block),Printed Name (Signature block),32,0.405294,0.327121,0.245098,0.027778,32,,,,,unchanged page; position review pending,Deferred: affected by pending content and/or layout corrections
pm_parent_date,Date,Date,32,0.665882,0.327121,0.179739,0.027778,32,,,,,unchanged page; position review pending,Deferred: affected by pending content and/or layout corrections
pm_exec_signature,Signature of Executive Director (office use only),Signature of Executive Director (office use only),32,0.062549,0.44909,0.408497,0.027778,33,,,,,reflow candidate,Deferred: affected by pending content and/or layout corrections
pm_exec_date,Date signed by Executive Director (office use only),Date signed by Executive Director (office use only),32,0.474314,0.44909,0.212418,0.027778,33,,,,,reflow candidate,Deferred: affected by pending content and/or layout corrections
pm_initials_safe_arrival_candidate,Safe Arrival & Dismissal,Safe Arrival & Dismissal,,,,,,16,0.915441,0.677409,0.064951,0.045455,added candidate,Existing PDF box visually confirmed; user associates it with Safe Arrival; relocate before final measurement; not yet configured
